time,value
-0.000509,1
14.999491,1
29.999491,1
44.999491,1
59.999491,1
