time,value
-0.000221,375.2525252525253
14.999779,374.91162508837493
29.999779,375.8585858585859
44.999779,376.12362387637614
59.999779,375.5555555555556
