time,value
-0.000339,377.70000000000005
14.999661,377.40000000000003
29.999661,374.74747474747477
44.999661,377.40000000000003
59.999661,377.4377437743774
