{
  "global": {
    "active_flows": 2,
    "active_sockets": 0,
    "bw_per_core": 0.005328714847564697,
    "cpu_util": 2.8973419666290283,
    "cpu_util_raw": 0,
    "open_flows": 2,
    "platform_factor": 1,
    "rx_bps": 76266.75,
    "rx_core_pps": 8.587740005676663e-19,
    "rx_cpu_util": 6.429224704753227e-32,
    "rx_drop_bps": 0,
    "rx_pps": 80.17799377441406,
    "socket_util": 0,
    "tx_expected_bps": 0,
    "tx_expected_cps": 0,
    "tx_expected_pps": 0,
    "tx_pps": 80.78955078125,
    "tx_bps": 77195.546875,
    "tx_cps": 0.6115553379058838,
    "total_servers": 0,
    "total_clients": 0,
    "total_alloc_error": 0,
    "queue_full": 0
  },
  "0": {
    "opackets": 121,
    "ipackets": 117,
    "obytes": 20186,
    "ibytes": 8206,
    "oerrors": 0,
    "ierrors": 0,
    "tx_bps": 54911.78515625,
    "tx_pps": 41.06700897216797,
    "tx_bps_L1": 61482.506591796875,
    "tx_util": 0.0006148250659179688,
    "rx_bps": 22351.72265625,
    "rx_pps": 39.84389877319336,
    "rx_bps_L1": 28726.746459960938,
    "rx_util": 0.00028726746459960934
  },
  "1": {
    "opackets": 118,
    "ipackets": 120,
    "obytes": 8276,
    "ibytes": 20016,
    "oerrors": 0,
    "ierrors": 0,
    "tx_bps": 22283.76171875,
    "tx_pps": 39.72254180908203,
    "tx_bps_L1": 28639.368408203125,
    "tx_util": 0.0002863936840820312,
    "rx_bps": 53915.0234375,
    "rx_pps": 40.3340950012207,
    "rx_bps_L1": 60368.47863769531,
    "rx_util": 0.0006036847863769531
  },
  "total": {
    "opackets": 239,
    "ipackets": 237,
    "obytes": 28462,
    "ibytes": 28222,
    "oerrors": 0,
    "ierrors": 0,
    "tx_bps": 77195.546875,
    "tx_pps": 80.78955078125,
    "tx_bps_L1": 90121.875,
    "tx_util": 0.0009012187500000001,
    "rx_bps": 76266.74609375,
    "rx_pps": 80.17799377441406,
    "rx_bps_L1": 89095.22509765625,
    "rx_util": 0.0008909522509765624
  },
  "traffic": {
    "client": {
      "m_active_flows": 2,
      "m_est_flows": 2,
      "m_tx_bw_l7_r": 31912.871287128713,
      "m_tx_bw_l7_total_r": 32411.88118811881,
      "m_rx_bw_l7_r": 0,
      "m_tx_pps_r": 41.76237487792969,
      "m_rx_pps_r": 40.51485061645508,
      "m_avg_size": 48.48375582576416,
      "m_tx_ratio": 98.46041055718476,
      "m_traffic_duration": 2.8878742523937144,
      "tcps_connattempt": 2,
      "tcps_connects": 2,
      "tcps_segstimed": 119,
      "tcps_rttupdated": 117,
      "tcps_sndtotal": 121,
      "tcps_sndpack": 117,
      "tcps_sndbyte": 11700,
      "tcps_sndbyte_ok": 11700,
      "tcps_sndctrl": 2,
      "tcps_sndacks": 2,
      "tcps_rcvtotal": 117,
      "tcps_rcvackpack": 117,
      "tcps_rcvackbyte": 11500,
      "tcps_predack": 115
    },
    "server": {
      "m_active_flows": 2,
      "m_est_flows": 2,
      "m_tx_bw_l7_r": 0,
      "m_tx_bw_l7_total_r": 0,
      "m_rx_bw_l7_r": 31611.881188118805,
      "m_tx_pps_r": 40.138614654541016,
      "m_rx_pps_r": 40.138614654541016,
      "m_avg_size": 49.22298866719614,
      "m_tx_ratio": 0,
      "m_traffic_duration": 2.8718570483215116,
      "tcps_accepts": 2,
      "tcps_connects": 2,
      "tcps_rttupdated": 2,
      "tcps_sndtotal": 118,
      "tcps_sndacks": 118,
      "tcps_rcvtotal": 120,
      "tcps_rcvpack": 116,
      "tcps_rcvbyte": 11600,
      "tcps_rcvackpack": 2,
      "tcps_preddat": 116
    }
  },
  "latency": {}
}
